index,dimension,x1,x2,x3
1,0,-0.5986402911141847,-0.4634169831289179,-0.4233225546396151
1,0,-0.5453625989928345,-0.431511679031612,-0.4548142817760574
1,0,-0.5103232269671286,-0.3466099545358443,-0.37882580229859847
1,0,-0.47697551191194937,-0.3360103128913123,-0.3220584516219816
1,0,-0.4756387395109021,-0.33612002188465695,-0.231832294188274
1,0,-0.4484545397995947,-0.2998621973067071,-0.28483453595603603
1,0,-0.42906257268762366,-0.3344432128654617,-0.4212156961470182
1,0,-0.38212816160529917,-0.3427146798747547,-0.35837780170937883
1,0,-0.3355303842008125,-0.2744462143914451,-0.2189298812315127
1,0,-0.3112884569006733,-0.25338315664899624,-0.18089708369876362
1,0,-0.30168690140953464,-0.1924405977898392,-0.2773767397806068
1,0,-0.25693322970611115,-0.14941844618874667,-0.1800956700373578
1,0,-0.2564993199600138,0.8907335898280279,0.5309603596050931
1,0,-0.24034989937757384,0.677776711596818,0.41753395732300275
1,0,-0.1949145969449204,0.7801177355503042,0.443828204189095
1,0,-0.18752585042813538,-0.16031524764052094,-0.19109886463843306
1,0,-0.17368450835323002,-0.07945413246092381,-0.027205993213081932
1,0,-0.17345578086906405,-0.14576462671561324,-0.17694490819677441
1,0,-0.16950387153056465,0.8693027713310703,0.5030735154752695
1,0,-0.1316068410042362,-0.15839915506920985,-0.18301061132971358
1,0,-0.1225804987127064,0.9294216094504345,0.5575433015081074
1,0,-0.12225534690241718,-0.0470134362301249,-0.02675236515946617
1,0,-0.11988957981079972,0.8090698094669279,0.47041308009027427
1,0,-0.11805541518659562,0.34186857724106,0.1710840184823918
1,0,-0.09959009503870764,-0.09959009503870764,-0.09959009503870764
1,0,-0.0953677288164926,0.6107019604912528,0.3271204800691916
1,0,-0.09212100850145392,0.5191078271176952,0.29377339860772045
1,0,-0.08512762138918972,0.4943099815287611,0.25322833203493883
1,0,-0.08363328771830245,0.46985602137094457,0.2567525306839357
1,0,-0.08101432555704427,0.020873573019500692,-0.009982360792685193
1,0,-0.07413014167450455,-0.04717734933170527,-0.009452114303738362
1,0,-0.07175512434919548,0.09535482222904366,0.049986641728178835
1,0,-0.07166905146177074,-0.07166905146177074,-0.07166905146177074
1,0,-0.05267233634421898,0.6749666893170212,0.39200667704750547
1,0,-0.05108130134853551,0.41535319189236847,0.20759068076506978
1,0,-0.04609002260618415,0.6818699624947351,0.3744710402635704
1,0,-0.03995941903172375,-0.03995941903172375,-0.03995941903172375
1,0,-0.034419485542590965,0.23240742870040076,0.12973451520208726
1,0,-0.023744515271397173,0.2588791919489664,0.17829131924665695
1,0,-0.023471374192706063,0.4180814119673456,0.23253963134956074
1,0,-0.014776765480235229,0.28669293517038613,0.10723131194757296
1,0,-0.007670121199078972,-0.007670121199078972,-0.007670121199078972
1,0,-0.0004790523885919939,-0.0004790523885919939,-0.0004790523885919939
1,0,-0.00029338225886480954,-0.00029338225886480954,-0.00029338225886480954
1,0,0.0,0.0,0.0
1,0,0.003575449814538478,0.10758604598894728,0.06793131468386085
1,0,0.010268615757808228,0.08235335141525478,0.07481911071803247
1,0,0.0732011252744619,0.012056386881589708,0.0415302806282751
1,0,0.14698072115233196,-0.05033575282668978,0.07953284801760459
1,0,0.15284385010098014,0.07655227174414851,0.08343362971846872
1,0,0.20889751515116137,0.017289697946346726,0.10510714532638073
1,0,0.24574965745054456,0.061107224493114363,0.1429590655272364
1,0,0.2514964269726778,0.1043120412221681,0.15291656657048341
1,0,0.27862442306549295,0.09553514560621264,0.2075944380147102
1,0,0.3439635524164045,0.0667078780795405,0.2604655845709989
1,0,0.3477084125447296,0.07217488498402408,0.23435914879300362
1,0,0.4369318679139942,0.10338902438880603,0.3003323053614844
1,0,0.45912909438433236,-0.00988128123544816,0.2568395333687069
1,0,0.5378874088273745,0.0026125690645165157,0.3601480568227377
1,0,0.5514110963358387,0.1271309953226443,0.41129905830093655
1,0,0.6200930441668802,0.006077168482823821,0.4222698762784873
1,0,0.6406207702511889,0.14954804704665345,0.46770880435929557
1,0,0.6507987655401214,0.14725205427121732,0.44796908601039015
1,0,0.7414181598302579,-0.008551735737305865,0.471146135184655
1,0,0.781345918111175,0.10222845955701032,0.5510435020204707
1,0,0.7988826091369695,0.08068715101633638,0.5573554100831468
1,0,0.8606149062981847,0.04597675102839277,0.6127752207566599
2,0,3.7245974153465453,6.207230839191077,0.5221021362973249
2,0,3.7571244109626853,6.277613844720957,0.574003658422552
2,0,3.7781965023177513,6.191286222822248,0.5443142140078351
2,0,3.826785084697167,6.344394392530752,0.4834312207199883
2,0,3.9091737128989577,6.292882478229783,0.44406872911884454
2,0,3.9139081834487666,6.200869754848556,0.4439520542952676
2,0,3.976956184595249,6.216639410586885,0.34903477097393626
2,0,3.9941519047423486,6.152354302301218,0.40172710686526925
2,0,4.0563146540230495,6.269777745021139,0.2867095956147851
2,0,4.080688716274714,6.1643240942790545,0.3307445902592008
2,0,4.111216620117477,6.208074420323346,0.2651618834914063
2,0,4.144637096582582,6.152315170817703,0.2543651569140343
2,0,4.228917313162399,6.31576554457587,0.23982377206659417
2,0,4.232036969371617,6.17487062922324,0.22078662084655812
2,0,4.238237400422415,6.174090829489972,0.2335512819195597
2,0,4.312288413239246,6.224198124686626,0.17931630860962616
2,0,4.3303709976560105,6.231204062378699,0.15460786963973588
2,0,4.4054394430430435,6.1636880719644,0.10181446499770842
2,0,4.495970245247879,6.176751424805586,0.011829495827234818
2,0,4.507511880879722,6.215338834036517,0.023395645252271884
2,0,4.508461135990424,6.319795427624798,0.025030678007630362
2,0,4.5122415675777425,6.152241567577743,-0.08775843242225695
2,0,4.515460313290594,6.144667701235983,0.05196116538276083
2,0,4.5376853566149995,5.42787056586245,0.45690161914350896
2,0,4.5494392098947,5.7539726566877665,0.2920479423243557
2,0,4.550337532873663,6.026172513050813,0.11809237399897483
2,0,4.555446515722107,6.164739442079757,0.0405594353894745
2,0,4.555871908634216,6.195871908634216,-0.044128091365784085
2,0,4.5695805328735855,5.883883422809465,0.14535940425080535
2,0,4.573572032769053,5.286593737210236,0.5571975636454151
2,0,4.574679003522328,6.203827100393284,-0.05468873829060732
2,0,4.57683340745645,6.21683340745645,-0.023166592543550257
2,0,4.5772011846844265,5.650894695017072,0.35072546473924154
2,0,4.596396796780563,5.6116096234107244,0.3202639536004694
2,0,4.597914936472183,6.237914936472183,-0.002085063527816506
2,0,4.6016039852099215,5.3343401502641505,0.49194411089639495
2,0,4.616727206910962,5.598616941133399,0.3081070660492902
2,0,4.619060574610598,5.875249636665843,0.24508549820462577
2,0,4.621683063528526,6.002553785403916,0.06536127521849212
2,0,4.623623817941783,5.570120240615602,0.450615028580121
2,0,4.637057343187318,5.85161975014916,0.20364534238793133
2,0,4.6484672445250474,6.288467244525048,0.048467244525048185
2,0,4.650830710487787,5.819305502139665,0.16665422657814838
2,0,4.6536325567856425,6.293632556785643,0.05363255678564246
2,0,4.654600429129683,5.391060557584574,0.5225983279424811
2,0,4.661848582908383,5.589543802336642,0.41035559405843447
2,0,4.664303007936291,5.837130806328853,0.2177655474306415
2,0,4.684203109638771,6.023658260913134,0.14258974612026004
2,0,4.696567924434174,5.568269950844412,0.4042832362727642
3,0,4.041454688994151,0.4674668008081295,2.8374035539888367
3,0,4.1195813778914125,0.42464195365803054,2.887420242444549
3,0,4.153327795137735,0.4111135109015427,2.9202699761078215
3,0,4.168443200900187,0.5117487861493535,2.9086246510420204
3,0,4.258160656546708,0.3572245533974441,3.0351588560907716
3,0,4.26850420831574,0.5089049966239977,3.0186929088554955
3,0,4.285460226172922,0.5108229963438788,3.0387749730911873
3,0,4.397970978996051,0.4519678498706431,3.1367493582035353
3,0,4.429253192660054,0.4801342999257152,3.1954048707374922
3,0,4.441082794378153,0.5550045609859471,3.130403180489837
3,0,4.487198860310055,0.5710483067633937,3.202259683510751
3,0,4.500463246506453,0.5566551776019047,3.172546685505828
3,0,4.511308910894422,0.5381990248859214,3.2023258632922067
3,0,4.606839545499082,0.5562267475983582,3.2257658934766034
3,0,4.61869195935846,0.4721522358926421,3.275371939748542
3,0,4.6734233308973145,0.5534142799780305,3.3326391094054677
3,0,4.701864404474832,0.5126706205721636,3.3271207977409722
3,0,4.729607020024811,1.253213230543773,2.976835824420004
3,0,4.739055094677152,1.3662636095577647,2.9419115079450964
3,0,4.748876657767522,0.9889805695636639,3.1470753001998446
3,0,4.7494986093718,0.9557174523802585,3.1570581909534483
3,0,4.766665795421007,0.6426484732620168,3.3917015985463452
3,0,4.775938519878133,0.604181008534959,3.4153102921340666
3,0,4.785170862200257,1.0412957464594284,3.0733601365475125
3,0,4.793578161215629,0.811731350021344,3.2685070237021105
3,0,4.800304865548416,0.4503048655484151,3.410304865548415
3,0,4.816211916209183,0.9812342468584038,3.1926425964556646
3,0,4.8185719095446125,0.5030896499716279,3.443591201138395
3,0,4.8232765059435225,0.5335914379931135,3.4192839435193365
3,0,4.829200974946413,1.2450537237482466,3.0335108621955675
3,0,4.830578058466036,1.155378313689765,3.0636666596047597
3,0,4.836782577684013,0.5802678864470087,3.402738009922842
3,0,4.841284651269768,0.5445911761103458,3.448653513121165
3,0,4.843156794116472,0.4931567941164716,3.453156794116472
3,0,4.843427174725124,0.6569967605014493,3.3060117686888173
3,0,4.846230312270598,1.4377763718836316,2.8549467459435474
3,0,4.859443043779092,1.3472344775090777,2.887476043930798
3,0,4.861579579951232,0.5115795799512315,3.4715795799512317
3,0,4.889829558358386,0.5253221598293818,3.465549919191274
3,0,4.891022738624492,0.5410227386244914,3.5010227386244916
3,0,4.90698090469288,0.5569809046928791,3.5169809046928795
3,0,4.9113302403461025,1.3769184135590475,2.9373597977189143
3,0,4.914002088399325,1.2443900758743556,3.013191543292627
3,0,4.918768277630377,0.8436186694996475,3.2601277010247105
3,0,4.9192573704839075,0.7826416322304984,3.313367213166332
3,0,4.919528684541346,1.1147367278790075,3.1264427143615006
3,0,4.922224472871639,0.8361711924059805,3.2014486262381943
3,0,4.923038846261083,0.5214683517413553,3.4814584770681027
3,0,4.930230999056802,0.6927294089796726,3.332633792398285
3,0,4.937096021896543,0.5870960218965422,3.547096021896542
4,0,-1.3947925518652766,6.175389291572246,3.9276334754729993
4,0,-1.3877123456171387,6.222287654382861,3.9322876543828613
4,0,-1.386616811064261,6.257943338439185,4.036312700292263
4,0,-1.3829097679061808,6.227090232093819,3.9370902320938193
4,0,-1.3691869784635706,6.24081302153643,3.9508130215364297
4,0,-1.3603922938284887,6.249607706171512,3.9596077061715116
4,0,-1.3556003983322031,6.254399601667797,3.964399601667797
4,0,-1.3496722437874178,6.2629677504520656,4.008492493468406
4,0,-1.3261748919739866,6.254625871421798,3.9902909905191586
4,0,-1.3238058822753622,6.092883294458827,3.829386937993831
4,0,-1.321499521121853,6.288500478878147,3.998500478878147
4,0,-1.315699491971921,6.374394288864767,3.999264214407191
4,0,-1.2765460011315564,6.211197660830251,3.9178322089324618
4,0,-1.2664168040259385,5.730878985759746,3.618427271215923
4,0,-1.2627158587101701,5.64193631163807,3.574321621738946
4,0,-1.260283332055238,6.001202237203427,3.799517255637437
4,0,-1.259530192153374,6.308559642068675,3.925947541773258
4,0,-1.2562737251496556,6.226614789960613,3.935029313441566
4,0,-1.2532832034212167,5.746911795967084,3.636536108513123
4,0,-1.2512976283050194,5.985986378036776,3.766779476633768
4,0,-1.228319225471492,5.9054467223718285,3.694647197168028
4,0,-1.2250748283548212,5.763012147257383,3.60689336496216
4,0,-1.2244954918894804,5.485054136216468,3.4405803573484137
4,0,-1.21695212889353,5.772031858425683,3.613007307464399
4,0,-1.216698427673334,5.952369613622054,3.750858374679752
4,0,-1.2113329268682043,6.195287885820756,3.8834643995259923
4,0,-1.2110351602572742,5.537427683013069,3.5081871076029962
4,0,-1.2049918079330593,5.626162889220754,3.5276610852639205
4,0,-1.1820103735806298,5.97625646692163,3.7914044819086814
4,0,-1.181720942403145,5.420443927202203,3.402459563951237
4,0,-1.1611547722917703,6.353078700764655,3.8773613572029344
4,0,-1.1335393930133082,6.189268929116061,3.8575382406153187
4,0,-1.0962213910864453,5.502734189941199,3.4814988217213703
4,0,-1.0947250776409119,5.348275889104625,3.4152417674085824
4,0,-1.0781763946749385,6.215427658233214,3.837836437547244
4,0,-1.0578037840257644,5.360396567678975,3.3770381183000455
4,0,-1.0266918401224068,5.311282440816033,3.353727384633199
4,0,-1.0258968248064833,6.208194593018118,3.760467777940871
4,0,-1.0177273521088437,6.3601358727515995,3.813991012035648
4,0,-0.9589102977845471,6.329880527815143,3.754320966025413
4,0,-0.9445609165901392,6.3281371066956895,3.736731140320196
4,0,-0.9193932439630053,6.225487498739726,3.7037225553708217
4,0,-0.8288887192087485,6.309715498046252,3.6321482190131404
4,0,-0.7972994506782827,6.1906397904213515,3.590642853415578
4,0,-0.7660017420138949,6.20996319098584,3.62802148601485
4,0,-0.720136560704909,6.208239435396445,3.601765743686616
4,0,-0.6999998774043641,6.381540197070291,3.5514089727335643
4,0,-0.631430112354668,6.374377877037046,3.516063724460219
4,0,-0.6311078537596967,6.295628594981745,3.5646848482296534
4,0,-0.5412133459780968,6.366420408056595,3.466086379029552
4,0,-0.5378653257090251,6.189959550011566,3.429399212950251
4,0,-0.5005375161017452,6.222282399443334,3.4285962941722397
4,0,-0.44553419448310333,6.191167893966474,3.3949637640600896
4,0,-0.34659255165032726,6.369338476373871,3.317041045080031
4,0,-0.3264309350378855,6.327176849512194,3.313670649759543
4,0,-0.31483459198687447,6.206417187712799,3.2614034566055796
5,0,-4.286448146253265,-3.5364481462532638,-3.056448146253264
5,0,-4.260740708622078,-3.42914111243281,-2.9731950879582985
5,0,-4.256675433892244,-3.5066754338922443,-3.0266754338922444
5,0,-4.254903378694383,-3.504903378694382,-3.024903378694382
5,0,-4.24050691653487,-3.4905069165348697,-3.0105069165348697
5,0,-4.223268920963907,-3.4732689209639065,-2.9932689209639065
5,0,-4.142172098154776,-3.438539584507016,-3.0547799886957634
5,0,-4.135329636710197,-3.385329636710197,-2.9053296367101966
5,0,-4.129369625860766,-3.391952368897931,-3.0221045399064206
5,0,-4.111876416689093,-3.4017915541345376,-2.9326326737202586
5,0,-4.074534905065922,-3.336199150913231,-2.9657343608411777
5,0,-4.054565059369617,-3.3215061010204034,-2.9399040165268246
5,0,-4.041671766535434,-3.3341809490736467,-2.916412485884865
5,0,-3.9982225063695958,-3.282414169031096,-2.779657713587363
5,0,-3.960055694501543,-3.2280348465845004,-2.884879279416584
5,0,-3.941833777032537,-3.1731464470355673,-2.767074345941674
5,0,-3.8877201570256017,-3.2070044262667476,-2.7778692074163622
5,0,-3.847400226047515,-3.1344240299013593,-2.7906370784431616
5,0,-3.8469947132347375,-3.071663147942607,-2.738990614533875
5,0,-3.84231871349324,-3.136429009166005,-2.7146188522459767
5,0,-3.778372292054424,-3.028568545784528,-2.598678979879151
5,0,-3.7291564625471807,-3.109112491209932,-2.7308749667299965
5,0,-3.7109962058053556,-2.9706607964331435,-2.540837314985197
5,0,-3.6747664733544183,-3.0145605905432573,-2.7121868900874664
5,0,-3.5735495839908205,-2.878031975540356,-2.5524464453295774
5,0,-3.572907013482167,-2.9002362502153,-2.5554481974772862
6,1,-3.5508759137633423,-2.8390291139420705,-2.5278667774184274
6,1,-3.5377062749319914,-2.889820348307018,-2.473675221765803
6,1,-3.5024328934250164,-2.928914922581044,-2.556135517467692
6,1,-3.4511960202656993,-2.7498192366829377,-2.343151095574727
6,1,-3.438463864188326,-2.7478744575877414,-2.3694118332822645
6,1,-3.4321005587984836,-2.7898630963058975,-2.4933322092901844
6,1,-3.4238032418994093,-2.809796492004994,-2.4579608833389335
6,1,-3.3686063901201946,-2.684130608206967,-2.301982666473017
6,1,-3.2668625030929013,-2.6123528767649504,-2.2756802318819305
6,1,-3.2631032488548035,-2.6958503516085695,-2.3927553171893376
6,1,-3.2582994963362624,-2.664143090107229,-2.3550089845409516
6,1,-3.252298422309614,-2.6559231381113206,-2.250822057534748
6,1,-3.171266410654518,-2.5974996702543574,-2.179643255515353
6,1,-3.1112571433786176,-2.595608161675189,-2.2516192360916274
6,1,-3.0820700176502913,-2.5391493425455325,-2.2679426979440858
6,1,-3.0574218027868536,-2.5509980587000816,-2.2521380510637865
6,1,-3.0352240427356483,-2.4527870770073124,-2.1040141182904333
6,1,-2.9870515601281338,-2.4839457137545957,-2.144248043257339
6,1,-2.969426952097264,-2.4400384416468754,-2.0891295100762113
6,1,-2.918061397314364,-2.379334707155528,-2.1225575884567505
6,1,-2.914144038235703,-2.3365262727696017,-1.999923769852784
6,1,-2.8905347277946762,-2.3518462825098254,-1.9560423320224376
6,1,-2.877046555264093,-2.39343952574309,-2.0496817841554424
6,1,-2.787250836028782,-2.3502225300943365,-2.0250638521444153
6,1,-2.754578624112243,-2.312001192076391,-1.9871487802601029
6,1,-2.752988690203283,-2.275588460340761,-1.9543792513504332
6,1,-2.649391398023729,-2.150533777265706,-1.8929362096623767
6,1,-2.6213338484342827,-2.1350046933582854,-1.923683616662013
6,1,-2.5809522839501415,-2.1574639192148437,-1.9311138610132204
6,1,-2.5230143120085633,-2.0312032926634926,-1.866568300410336
6,1,-2.4854663503559014,-2.0102268619651062,-1.8433165081603076
6,1,-2.4828131795895327,-2.061453428924396,-1.8373963382400016
6,1,-2.461442478947811,-2.0028487615931545,-1.8200133128735878
6,1,-2.451051528229118,-1.9651846346618431,-1.6518808164229426
6,1,-2.416336125373024,-1.9819663221822117,-1.7785887360208037
6,1,-2.3969486737331414,-1.9227230546465646,-1.6694922656394184
6,1,-2.363237524546193,-1.945710445151816,-1.7563686800210279
6,1,-2.3387151172787277,-1.9426517589939756,-1.6364278903321607
6,1,-2.2496327444329127,-1.7747705695212312,-1.5980384019978902
6,1,-2.2352062958157655,-1.7570241847487245,-1.493596787296509
6,1,-2.189899728085923,-1.8163455247257876,-1.632864335917086
6,1,-2.1816804548594693,-1.826222160073291,-1.627497528251852
6,1,-2.1781517136115074,-1.78584849098214,-1.4861470377811492
6,1,-2.139583926117146,-1.6842580812302503,-1.3979596369202292
6,1,-2.139123271647939,-1.7816436629611438,-1.6136865439129964
6,1,-2.086670028877287,-1.6046743967734771,-1.4006121661996693
6,1,-2.0196095882145717,-1.564412001043272,-1.343060752125902
6,1,-1.9974094233962678,-1.6013682303867598,-1.3122552303451511
6,1,-1.995192964956808,-1.643288147716926,-1.43826106060922
6,1,-1.9586459422009352,-1.6355448343734156,-1.3553068726922164
6,1,-1.9094810609255322,-1.5025654146653653,-1.2397391247960492
6,1,-1.8546399581722293,-1.539440454342112,-1.3898619690047929
6,1,-1.834186791490464,-1.4294847790200242,-1.1958425604848124
6,1,-1.7546020563363849,-1.3937075870030147,-1.2805516915175423
6,1,-1.7185271571805019,-1.3627844857485876,-1.2045234762658505
6,1,-1.6752544553937418,-1.3125974295883502,-1.176489212416952
6,1,-1.6474670201419634,-1.3372058850943958,-1.1506096272849975
6,1,-1.6129308799340762,-1.2825935064381973,-1.2349993771646894
6,1,-1.5467732550810727,-1.2221899665574836,-1.1030432568139523
6,1,-1.5299865203762835,-1.3174390738549997,-1.1790167615019935
6,1,-1.5228814501828836,-1.2364186885127324,-1.0301311494592555
6,1,-1.515643114148754,-1.1763756886827668,-1.000196549209526
6,1,-1.4699504841161843,-1.2392995439685672,-1.1434617299854066
6,1,-1.3789894327568297,-1.0767688769031447,-1.0129130435415001
6,1,-1.3757798039716262,-1.1486637846461694,-1.0402499992958636
6,1,-1.329421485881241,-1.1549365898964965,-0.9995346004622001
6,1,-1.3273960232913427,-1.0352324661891061,-0.9628694118163095
6,1,-1.3090859632397989,-1.0108039233145956,-0.9144493512969725
6,1,-1.2271059872233205,-0.9928967052785668,-0.8072445960711077
6,1,-1.2020593537631505,-0.9885246353364914,-0.9286491346043593
6,1,-1.1936561275563426,-0.9150295132803469,-0.8254199861793339
6,1,-1.1926902067319354,-0.9280635706136136,-0.9011895975651308
6,1,-1.1632658968333343,-0.9172669180965078,-0.7576923275184205
6,1,-1.1089281613833633,-0.8859309817915274,-0.7968800907020633
6,1,-1.0898364293090417,-0.8178481990338101,-0.675618064011235
6,1,-1.0461882703124907,-0.8985178759815505,-0.7899818569168359
6,1,-0.9526455940021208,-0.8115512801793447,-0.7071411760497984
6,1,-0.94947525927485,-0.7540694458300585,-0.6996096462855281
6,1,-0.9235605716097246,-0.7382516708670436,-0.6363160190281393
6,1,-0.8310186327136538,-0.6959019971375776,-0.6590219723694674
6,1,-0.8052875115578185,-0.6167665270969865,-0.6529949105055771
6,1,-0.7983731987737666,-0.6285252682853096,-0.633844264428602
6,1,-0.7624129977825332,-0.5953568045578017,-0.5479940793077258
6,1,-0.7221862470516688,-0.5589174546590017,-0.5461261835348655
6,1,-0.6864827821987699,-0.5071825109408019,-0.4745664723935671
6,1,-0.6445007930536073,-0.5219359585174294,-0.45084454618291403
6,1,-0.6118067567559549,-0.49689462058842265,-0.5164635387122342
7,1,-1.1791025385408387,5.159081690743026,3.260631169752934
7,1,-1.148016758495854,5.025310291922866,3.1589084153356786
7,1,-1.1245439282306682,4.919509730722182,3.1422649093362574
7,1,-1.0946786030428186,5.250630822742357,3.349740755103968
7,1,-1.0617413554860249,4.686161809143187,2.973419691251175
7,1,-1.0442807210432214,4.490092896688626,2.8644731207817187
7,1,-1.0254744995260046,5.175016423025941,3.2697129075168156
7,1,-1.0186680251120894,4.831421506897719,3.0572540204993066
7,1,-1.0159472968460894,4.943177652413486,3.076608279441141
7,1,-1.0104413051239949,4.437198194660148,2.801047511067455
7,1,-1.0036343474623934,5.1298078102911395,3.212681797808987
7,1,-1.0035266419972122,4.84508462385906,3.0719835084068188
7,1,-0.9977234607596656,4.573254666490129,2.8850449315439604
7,1,-0.9860740248878506,5.099239128565368,3.1882189001197525
7,1,-0.9846065844218777,4.389257837520917,2.744725871717081
7,1,-0.9811331972473014,4.767344213091593,3.0189484792681633
7,1,-0.9766890429639079,5.043465612125843,3.166387090198551
7,1,-0.9590197348510352,4.313885051330697,2.727611899079367
7,1,-0.9368194557772486,4.9435412767314,3.1132404490580643
7,1,-0.9343236362764265,4.047407342911239,2.5805257301716407
7,1,-0.9302971707175808,4.428500069168509,2.78495617372609
7,1,-0.9262320206536437,4.616699688837046,2.8948921547788897
7,1,-0.9230838550264407,3.918826373095255,2.49551846208967
7,1,-0.9132988218102646,4.596470691462996,2.8737448747099212
7,1,-0.8898113439596089,4.011563327600048,2.532705951066969
7,1,-0.8896873392075281,4.0846010940498925,2.5310033960326312
7,1,-0.884365284620854,4.6988044533335245,2.95533714032657
7,1,-0.8802073329340794,4.387420747449407,2.758136681511786
7,1,-0.8784922223064182,3.8125383759813873,2.378945010298761
7,1,-0.8707771240814621,3.885421513749321,2.4339730695554977
7,1,-0.8685938735047264,4.167879299873695,2.647256603010441
7,1,-0.8637016224209582,3.807938445770025,2.407805800412641
7,1,-0.8578329868810588,4.2922026503343575,2.7030600277042494
7,1,-0.8558780750118227,4.109749831588705,2.57312853474683
7,1,-0.8381929879339878,4.2434426163426515,2.630706270402343
7,1,-0.8233434255943822,3.6226467197753416,2.2870412956751367
7,1,-0.800420148704876,3.7524785698320953,2.343061304502845
7,1,-0.7654511328033335,4.106539201532797,2.5518596607223287
7,1,-0.7524046045384304,3.4437243629495353,2.1174794490891804
7,1,-0.7308765992882714,3.893538705002021,2.4544547064478595
7,1,-0.7307213318309043,3.5144812860281887,2.245768655771077
7,1,-0.7272284981786677,3.3827260662306737,2.124650423917087
7,1,-0.7172842000808637,3.692363578953328,2.3237184314818315
7,1,-0.7131893078689759,3.348644713757167,2.100279834730004
7,1,-0.7085756753694274,3.270744838837032,2.0368731662272133
7,1,-0.7068213693354117,3.0606636435517927,1.9546061831411818
7,1,-0.6923758906248613,3.092444111323693,1.9315238193319377
7,1,-0.6908671172492266,3.5334452379055823,2.2141702790694833
7,1,-0.6721713563361092,3.6169005563676597,2.278936938106432
7,1,-0.6626506748242419,3.0002512668424983,1.8989055478868406
7,1,-0.6582154899064727,3.4025364319941365,2.0924771391021997
7,1,-0.6543330414066602,3.0476564858081185,1.8837283192302394
7,1,-0.6536806750440335,3.558254870382169,2.2227876723037485
7,1,-0.6313633627069973,3.3301543693422326,2.074509076547082
7,1,-0.6254328659525374,2.7650141287828225,1.710547463425404
7,1,-0.6250693853694507,3.2003370015819845,2.034516769933059
7,1,-0.6154214737060346,2.9154709802856607,1.7966890880486805
7,1,-0.6145584263932399,2.8839799014321708,1.8214507052270004
7,1,-0.6085997533612783,2.7592174304237638,1.7182125730921092
7,1,-0.5815505993076826,2.503581374553471,1.5919188796208879
7,1,-0.5779478295888412,2.3635951581584904,1.4958627677986847
7,1,-0.5671333510405102,3.1855463847694665,1.9772883205573388
7,1,-0.5503560229068761,2.8932910963600484,1.8391257755961652
7,1,-0.5384453376880969,2.664449273022416,1.6703677679787843
7,1,-0.532412820394986,2.450167489567411,1.526334651238756
7,1,-0.5190335858200971,2.8352045285930942,1.7560311349888538
7,1,-0.5077553756267804,2.3664948258244047,1.4506659543749127
7,1,-0.49939385653574814,2.7951015283728515,1.7362399805272064
7,1,-0.49448610476880933,2.4839922004158788,1.5621786162255447
7,1,-0.47752880486397425,2.2549082866933383,1.4119144121460774
7,1,-0.46357480288020514,1.8351875603341317,1.126927620537231
7,1,-0.45744827186220055,2.6217620271893,1.654257611504363
7,1,-0.45316029271828234,2.249127801958618,1.3903316025753023
7,1,-0.44570458154116627,2.516920397018949,1.5585097075953955
7,1,-0.44091506228914223,1.991299756386721,1.221942429989446
7,1,-0.4405437676326799,1.660280142280841,1.062404794456601
7,1,-0.4383917665075723,2.104217602228188,1.324552179371098
7,1,-0.43592135373496904,2.5583782653319878,1.571873920180173
7,1,-0.4342564531149506,2.133711987301423,1.3134207717982662
7,1,-0.4064081539962078,1.522088013782412,0.9673650143518334
7,1,-0.3919591445305916,1.9707966636226437,1.2553235632523085
7,1,-0.38796395606147654,1.5521166565894622,0.9615381859879683
7,1,-0.3840602634564186,1.6518611440771516,1.0359848165772676
7,1,-0.3836314598759976,2.1794350573069208,1.3367267833728445
7,1,-0.3748453613802382,2.230462209061306,1.3684908648346905
7,1,-0.370661100762369,1.4598211765395055,0.908945198610987
7,1,-0.3367133133601329,1.8785735562151404,1.1651305326789416
7,1,-0.3308353569699381,2.0434729562198966,1.2872962078617374
7,1,-0.3188192404429398,1.5772632828208253,0.9820034882175194
7,1,-0.3025341557144884,1.0585505003415743,0.6458565316254739
7,1,-0.3020137275599825,1.3523255550681077,0.8102113083654189
7,1,-0.300327598219241,1.07777922149715,0.6490418759811802
7,1,-0.29959683799260034,1.867598640721282,1.1367149940985615
7,1,-0.29735355470227987,1.282529514805894,0.7667635494525598
7,1,-0.2949392581030935,1.8327111412872403,1.1248693622947554
7,1,-0.2875333703115346,1.542887705527873,0.9175217912147782
7,1,-0.28315148256191025,1.7905986188971152,1.0979810104513263
7,1,-0.2750599139170849,1.3869458445531127,0.8462188093790968
7,1,-0.2707374603187269,1.145363226067862,0.6985621666778631
7,1,-0.25291722722769644,1.5551417920027015,0.9642063972900067
7,1,-0.2112334027261744,1.2933415585932422,0.8217258226417273
7,1,-0.20891624472351142,1.2832667703533724,0.7939490639663682
7,1,-0.15418347510932462,0.9648414845857569,0.5843783734089137
7,1,-0.15376040283896072,1.0608257673387118,0.6569833450206368
7,1,-0.14973390650388477,0.9646179894297947,0.5738985153775967
8,1,-0.27809768712780064,6.270585825534028,3.3118780066304083
8,1,-0.17640513072463743,6.363738003351287,3.220445881735668
8,1,-0.1503864959917178,6.282125859197032,3.166050800226824
8,1,-0.14282722638690015,6.346690420781026,3.1423236231147444
8,1,-0.09755780604224941,6.298763153350798,3.1634839820450957
8,1,-0.08165848273124307,6.20673742222409,3.1244876343842396
8,1,-0.034886693348263546,6.243263445029509,3.1291173644508805
8,1,0.07173299235877413,6.241670456198713,3.0233480987824173
8,1,0.08811156796053098,6.228127915225499,3.0071463318865956
8,1,0.10330264311296955,6.192820315251448,3.015820931511032
8,1,0.17554905555957057,6.265037258190019,3.0029020042352452
8,1,0.18779441109530728,6.3278233891995495,2.961528045818659
8,1,0.276425681583567,6.3218973735795245,2.877963060962379
8,1,0.29337642066944825,6.326150775151637,2.899562368718305
8,1,0.32908321315407757,6.34588899531479,2.8268342996117872
8,1,0.3826027990682568,6.332085231287197,2.7735054064804108
8,1,0.38545150815838847,6.306099892835636,2.82766577094252
8,1,0.4106293408710412,6.305282237805534,2.832689292708902
8,1,0.4527265083095649,6.207968289860119,2.807196328727089
8,1,0.5588149037630789,6.229897663842441,2.70727606596682
8,1,0.5627541628126218,6.2205218018667425,2.6932295068386654
8,1,0.615132448706237,6.301579686476201,2.646443340398008
8,1,0.6366301132711808,6.3108443460554495,2.6140347624347737
8,1,0.6847459900260819,6.362364310361817,2.6333346373578133
8,1,0.710313200889283,6.26054464067748,2.629612223341168
8,1,0.7869633027431381,6.323124719752197,2.522940919913042
8,1,0.8479459045674385,6.332776275672907,2.547014026329127
8,1,0.8621394188435593,6.29067122379785,2.4716703516743617
8,1,0.8904783808543616,6.221487783151142,2.5150268177321675
8,1,0.8979741657720705,6.246773541738683,2.5104752440454945
8,1,0.9341240269992462,6.247136023244966,2.4926286943713643
8,1,1.0368468732113716,6.338077468127244,2.3573790175018647
8,1,1.054810120376601,6.230593134841285,2.3387849032258115
8,1,1.1068054255344169,6.32873469678987,2.33988094959769
8,1,1.1484593012005115,6.314943526397961,2.2941745080359532
8,1,1.1670723299845247,6.298505219174045,2.2856627408552197
8,1,1.2110692363528999,6.223051691117738,2.279251995429625
8,1,1.2999043467522968,6.212675590452795,2.1587423711104603
8,1,1.3373390245961336,6.3281137775773875,2.1455613673786424
8,1,1.356782241545078,6.1737634343510965,2.1855505373066912
8,1,1.4036834810877756,6.192060551066975,2.092034447452057
8,1,1.4489871054176764,6.184868398369767,2.1080781802523365
8,1,1.4880753722119964,6.34421642098039,2.0416910548342395
8,1,1.5246287155098126,6.285755116504331,2.0596528583545055
8,1,1.5408409779585788,6.216066111577148,1.9768381182883163
8,1,1.5737397524683057,6.301820227380446,2.0555448912118126
8,1,1.623621758352497,6.3149557410103085,1.991342313606523
8,1,1.6787355009939329,6.2290273847434285,1.9528515418635197
8,1,1.6890694809924311,6.3439177953462975,1.9441420648336027
8,1,1.73228707435706,6.240014007653033,1.9108130535449976
8,1,1.7476631545890307,6.28807108740443,1.919145249181856
8,1,1.8208192850509928,6.222482823587497,1.8299910358462086
8,1,1.8693113418713203,6.248077451290477,1.7919526352690436
8,1,1.9329931839260752,6.212259098467054,1.7713282128621328
8,1,1.9489998422471986,6.197758503684506,1.7886805247843287
8,1,2.001741829978712,6.311241681302987,1.7543907397924177
8,1,2.0142146488864685,6.298298683019068,1.7147441041953593
8,1,2.0856265100644764,6.348840752242952,1.638189006540709
8,1,2.146284865178449,6.349706005406378,1.6102920423946145
8,1,2.198316163025454,6.254218899133121,1.5437141030778467
8,1,2.2609757802147645,6.285350717550383,1.5209215198873047
8,1,2.265352116258641,6.247312137654649,1.5058451368153931
8,1,2.2896905287067506,6.244983997930523,1.5333209935215082
8,1,2.325634444633649,6.2693461236816335,1.487290318731672
8,1,2.39437809169429,6.293839524793279,1.493772089214191
8,1,2.4447298173130516,6.172055492578278,1.428453776241733
8,1,2.485164944577753,6.179584469592118,1.429380463668607
8,1,2.4987008555311485,6.271739363224862,1.4150985739277948
8,1,2.560058177603581,6.330639628701906,1.3180605177730136
8,1,2.580948762855776,6.174950737652062,1.3744514618210235
8,1,2.6473377600873618,6.334659394616054,1.2930629086527246
8,1,2.657592239921933,6.33844239857643,1.271645564849097
8,1,2.7082449926147003,6.291878571651738,1.2263477364315951
8,1,2.780114539529953,6.298254855812779,1.210590619878379
8,1,2.78893390906616,6.238969483716834,1.1422243055239119
8,1,2.8205069512202487,6.184538765942792,1.1463257759026995
8,1,2.8535417267818004,6.220682223400888,1.1342984702606496
8,1,2.8551906927209063,6.249005180304421,1.1666296920894603
8,1,2.9461441750677357,6.335939974272017,1.1156705391082136
8,1,2.9941327247878364,6.157866305609004,1.058467862765778
8,1,3.0766350203191646,6.179024211757905,1.0148978901012837
8,1,3.115137906748754,6.344135445608745,0.9977598288194802
8,1,3.1401218694809536,6.175378720176641,0.9122459729385761
8,1,3.1520147507233376,6.230759543952994,0.9764120069243133
8,1,3.1616420199312065,6.198071914010177,0.9942243225546397
8,1,3.285072829177037,6.2712123394142125,0.8728326447714264
8,1,3.313951594507378,6.3262214398999905,0.853038786632146
8,1,3.340755756326035,6.2695856294235135,0.848503970782897
8,1,3.362605694518026,6.275129873318884,0.8653898656869378
8,1,3.421488721349977,6.258661925710529,0.761086959093113
8,1,3.4300943687832075,6.206752449884111,0.7580298358367824
8,1,3.492897705741022,6.280450837778278,0.7159083506232383
8,1,3.5458370702570106,6.294504208236397,0.6931837102611972
8,1,3.6295706613004692,6.247083941967661,0.6140380823342365
8,1,3.645530370702667,6.161774739997317,0.5968171591557674
8,1,3.6605220537510994,6.262914617861765,0.5979392881304597
9,1,4.554247985820825,5.058639170789847,0.6824198661778352
9,1,4.554317127806983,5.185873876221026,0.5832900478936266
9,1,4.597887185168809,4.154963882201925,1.2412530207783636
9,1,4.600404363502377,4.715095347934895,0.9169138843717504
9,1,4.602466636524315,4.7487758992871845,0.8892823903914502
9,1,4.612014394527635,4.028737994151919,1.3211736002054832
9,1,4.612091815256862,4.902777279970168,0.8342085995388182
9,1,4.612277915737272,4.028632098561583,1.285312000771992
9,1,4.616743171991345,4.865522760652874,0.7673167187309765
9,1,4.620666945004318,4.524227265475776,0.9836137653155638
9,1,4.626923489575368,5.2296911461768865,0.6724336507360051
9,1,4.633347813595846,4.880194775902084,0.7479048471866676
9,1,4.6337900564328125,3.8631509771838597,1.4038972335873172
9,1,4.636798469690441,4.6885440919717105,0.8704395282653216
9,1,4.637357172543897,3.966847118228584,1.2965607876681107
9,1,4.63993510720064,3.9223477465404835,1.4021129095193743
9,1,4.647454730301683,3.2689916189531343,1.751329208922019
9,1,4.648581701231381,5.040511859498953,0.6797549447530014
9,1,4.649467361400507,3.680625741695461,1.49513087131398
9,1,4.649600070490244,3.3993287461852013,1.64843360470181
9,1,4.658894909473744,3.030248742988096,1.9057040659195208
9,1,4.659043818356466,2.7962193807323077,2.0688689339127366
9,1,4.660062786571718,5.18808161379512,0.6106371114575116
9,1,4.661325627995712,4.354416707744313,1.0659593541345254
9,1,4.677922775510144,3.824207404304137,1.4553249612824573
9,1,4.6855042989234,3.6683820504644955,1.530793013488972
9,1,4.686812100013937,2.918138485950187,1.9646456773653798
9,1,4.687022727154921,3.3864193658434063,1.7105208103729341
9,1,4.692535247852939,4.536883823717658,1.0236751531104278
9,1,4.7077691252651,2.6829495358155655,2.1573653794359826
9,1,4.708923252997255,4.1933458224478075,1.144350308484155
9,1,4.711086917987487,4.2934895127301935,1.1479037122017401
9,1,4.711693664049074,4.579347606952792,0.9476497677896324
9,1,4.7139532822998556,3.098388790493543,1.898899106081042
9,1,4.716587343825167,2.8843012484431614,1.969262161885795
9,1,4.7203412362840265,2.092112217206391,2.4475599726547443
9,1,4.723725353552958,3.2453956777891952,1.7653703646554257
9,1,4.724669880882443,5.273583611094554,0.5463524431320823
9,1,4.72475246445342,4.967167010801336,0.7093835329893249
9,1,4.729476670078033,2.4835859939950087,2.3142683482835325
9,1,4.730293949449658,2.809192152219318,1.9791184024585478
9,1,4.730694602097063,2.6138119403416082,2.1116619834456887
9,1,4.732178105666451,3.9876410346486844,1.3623168743006553
9,1,4.732408398147377,1.5226986792579864,2.8422978860574997
9,1,4.733806169944324,2.199163665969028,2.4023369256627225
9,1,4.735674227374192,2.0129289971814055,2.5610868001006897
9,1,4.736140402493278,3.1868349006858336,1.845559740069413
9,1,4.742768139790924,3.406581292345184,1.6809497039648738
9,1,4.74285758190941,3.445235133780244,1.6236391782214432
9,1,4.745231094832042,1.9047797029636262,2.621033302427501
9,1,4.74673996472547,4.396925237752217,1.110828966300783
9,1,4.747027110358794,2.314128152640447,2.2868578512069124
9,1,4.748472105085323,4.924664869754142,0.8000542927566927
9,1,4.752424420241434,2.3551978584505777,2.37938128038519
9,1,4.752538273478431,2.0092247710114512,2.4917701880820697
9,1,4.753412567940699,1.5785890775482196,2.734335540925248
9,1,4.755078849123932,3.646086310714532,1.5644670769384215
9,1,4.755384379288083,4.21958936440027,1.1818432491378466
9,1,4.756844457553056,4.593216172261128,0.9969360337227398
9,1,4.758356006322832,4.0478702922412575,1.2485409606219857
9,1,4.759181389355033,2.354466185834635,2.3319932414879108
9,1,4.760273131030657,2.6010351552471067,2.2107840633654012
9,1,4.76384039695764,4.806835455736219,0.8426116431791822
9,1,4.765433284457069,2.750043911264639,2.0837485066629724
9,1,4.765761535201663,4.178159910564794,1.2025481944918899
9,1,4.768057880157524,3.8186620939264224,1.4774734215294363
9,1,4.7739882153504585,3.2005170176455406,1.8102373798235722
9,1,4.774451568645488,4.4646649947872525,1.0429490252729012
9,1,4.775661254757188,3.3018293736773816,1.7819767810416853
9,1,4.779500496447848,1.855114646386511,2.577451729380498
9,1,4.788630724836608,3.508560964327963,1.6134507887153753
9,1,4.7886621750990095,1.8117570014827322,2.695308036556028
9,1,4.791692719378001,3.517999897225812,1.6092359512337295
9,1,4.794720788351043,1.5874126884855975,2.8351288179930623
9,1,4.80114839216437,1.9620925581562654,2.5639665292795395
9,1,4.801190759544907,3.8184670639772276,1.4581752421264729
9,1,4.803524941749561,2.431168929664207,2.250941941299474
9,1,4.808787492750768,2.7378673254341352,2.0942915347439195
9,1,4.8170484652293455,2.4656519699482846,2.2457082726912403
9,1,4.819458202213739,2.6128776676441237,2.178964974481299
9,1,4.823313251726638,2.8858403318687507,2.057600961971461
9,1,4.827155420357071,2.214926706318091,2.422064655109713
9,1,4.827489997230962,2.991562474505679,1.9202591738754424
9,1,4.852804258281573,1.9688345923397634,2.5258563510102174
9,1,4.859077235735886,2.2128419038332465,2.470436932363804
9,1,4.862660872017216,1.7314511890826567,2.7102473414494885
9,1,4.886648273808707,1.5536979226758236,2.7941982308447235
9,1,4.890521071224721,1.8683372236195936,2.6745785966748685
9,1,4.892305451025793,1.5151732642799218,2.785547912636485
9,1,4.894818200403767,1.7993918349760218,2.6614638324178586
10,1,0.9153831955991991,0.13360540632852966,0.6477146959928555
10,1,0.9406417331462257,-0.0007708944179873789,0.6083489539304718
10,1,0.9499779225397376,0.0037227227501649297,0.6361957740649585
10,1,0.989548605657304,0.18427463466209537,0.7084906690133345
10,1,1.0632536988472692,0.020366459091948865,0.7282456141243863
10,1,1.1033416180137758,0.030496568048504116,0.7422472953831658
10,1,1.1149510669160732,0.17509099936036115,0.8077086831904262
10,1,1.1989240600672557,0.06889671144985715,0.8510941722710141
10,1,1.2275319730251644,0.18566641418573498,0.8657267252882332
10,1,1.2441578019360109,0.08559056889668001,0.8462002364551067
10,1,1.2578823390202138,0.16854732707302217,0.8750202592624227
10,1,1.343425258024644,0.06671882293435644,0.9553384408099794
10,1,1.3444844952909882,0.22331860439561593,0.9613807894937765
10,1,1.3830707704055774,0.0669991626804784,0.9714294359167961
10,1,1.4259063967498709,0.07705166502334358,0.9339861196879106
10,1,1.4943478672966097,0.07099526036469217,1.0272515222174137
10,1,1.5192908447753095,0.21256312290276055,1.0397156488157986
10,1,1.5342519669945542,0.22118981186661033,1.0441792684910831
10,1,1.5857041389370996,0.10688407370195235,1.081817044846245
10,1,1.6913759133240422,0.1014306303121463,1.1857323954810433
10,1,1.7006381578534127,0.1274892110844755,1.189166422285477
10,1,1.7235862751295534,0.08379353005462103,1.2106666354840094
10,1,1.761363009337703,0.2134232608052434,1.2184717646156393
10,1,1.7760160473087765,0.11352281446716948,1.274055831362742
10,1,1.814416673612446,0.15768527586204908,1.2348401294336733
10,1,1.9376044071710976,0.24235207579307072,1.3677078219843997
10,1,1.9648329907819864,0.22761351422573686,1.4330891716139171
10,1,1.992785466307893,0.30709154812866823,1.3955052145004452
10,1,1.9949701656112477,0.1698713696746692,1.3742249743442494
10,1,2.013306225275116,0.13304431035645312,1.4092004158569267
10,1,2.1248259152807005,0.24262242378974433,1.504269357595922
10,1,2.1272920419962063,0.2939174282285873,1.5139188189006474
10,1,2.143970737553631,0.3122034172053573,1.5327816857248706
10,1,2.199691670552582,0.131779088877315,1.5545220757466018
10,1,2.2434086572298377,0.1817376287074656,1.5421139721364587
10,1,2.2818135303202327,0.2469308226410568,1.5764246954840906
10,1,2.3063439313350362,0.18451986051689273,1.5884745716046589
10,1,2.3318418488175263,0.20314721434812397,1.596500495088922
10,1,2.392383572168278,0.2095666052364057,1.6199802441299576
10,1,2.4200966805765893,0.3356907509034578,1.7197733789810876
10,1,2.476354028836856,0.27283140810010803,1.7360813102098966
10,1,2.520459806503659,0.2013704374689676,1.740921341522165
10,1,2.561482802619167,0.27062882613501305,1.7899786089042204
10,1,2.6033045107587234,0.35308475643806386,1.8175418397999317
10,1,2.6808961960550763,0.331396927551763,1.8728015695951363
10,1,2.69598368623362,0.2700388580273345,1.897807944648275
10,1,2.7127215128477817,0.24446521290763687,1.8778404860961369
10,1,2.7601510997991565,0.2669784902710926,1.9450231513403156
10,1,2.8676912027275328,0.2577740267504942,2.0358592004453127
10,1,2.873043574550519,0.23199103921633432,2.0234146908789614
10,1,2.897345453374652,0.3655203673345422,2.0642806733078674
10,1,2.940536355985403,0.32878229182179103,2.066701293887926
10,1,2.9861554205615475,0.28720904832640315,2.104220859957178
10,1,3.001501866906528,0.30116404036059474,2.123338358373471
10,1,3.0450655620686833,0.26845679033296577,2.131017892394126
10,1,3.1313813090018967,0.39296578610236693,2.2077800964354264
10,1,3.1650098782403213,0.2546549804836902,2.263828253980359
10,1,3.1693906834247754,0.3253134127746832,2.197434524385021
10,1,3.245197398612294,0.40426632062306045,2.3118158418050516
10,1,3.2893751297746534,0.41787655384292877,2.3406989778161247
10,1,3.3017834500540713,0.3855592972332438,2.3326541179552898
10,1,3.3108038456782687,0.2589960255886361,2.3322230035986613
10,1,3.3757626727319843,0.3369415687072389,2.339901391055042
10,1,3.4167005794293943,0.2629361104447835,2.390556345308864
10,1,3.4943245072359974,0.2739745604013878,2.463664777943313
10,1,3.519361885077054,0.29844613228496675,2.4818312113219485
10,1,3.5427450274269803,0.46483920778828897,2.492235196392799
10,1,3.5899648961955126,0.30346524662726054,2.5527707407760865
10,1,3.6565364168408068,0.3429341793805216,2.627745124936412
10,1,3.693667287216632,0.32098652095953195,2.6464820927206008
10,1,3.6946373159630967,0.3250075022826548,2.570591739205867
10,1,3.78417969326278,0.317474917240639,2.6855147088896536
10,1,3.7885972949434126,0.3344670017983388,2.705712066988136
10,1,3.8409666251309242,0.32366446108070246,2.7504564295013734
10,1,3.844895578362132,0.4187370723061603,2.732549341864434
10,1,3.926041187247349,0.46911179414799076,2.787653881392417
10,1,3.9458557089134803,0.4522763216301587,2.7612171452698657
10,1,3.947136406650528,0.3223831646251785,2.774523665954871
10,1,3.99247755935781,0.412011583255698,2.7867970574693954
